{
    "parameters": {
        "learning_rate": 0.001,
        "batch_size": 32,
        "epochs": 50,
        "structure": [
            64,
            32,
            16,
            1
        ]
    },
    "results": {
        "loss": 0.2652556300163269,
        "mae": 0.40522727370262146,
        "root_mean_squared_error": 0.5150297284126282,
        "val_loss": 0.028108954429626465,
        "val_mae": 0.11954587697982788,
        "val_root_mean_squared_error": 0.16765724122524261
    }
}