{
    "parameters": {
        "learning_rate": 0.001,
        "batch_size": 32,
        "epochs": 50,
        "structure": [
            64,
            32,
            1
        ]
    },
    "results": {
        "loss": 0.2690521478652954,
        "mae": 0.4101335406303406,
        "root_mean_squared_error": 0.5187023878097534,
        "val_loss": 0.02850242890417576,
        "val_mae": 0.1225842535495758,
        "val_root_mean_squared_error": 0.168826624751091
    }
}