{
    "parameters": {
        "learning_rate": 0.001,
        "batch_size": 32,
        "epochs": 50,
        "structure": [
            64,
            32,
            1
        ]
    },
    "results": {
        "loss": 0.27278563380241394,
        "mae": 0.4102565050125122,
        "root_mean_squared_error": 0.5222888588905334,
        "val_loss": 0.027490638196468353,
        "val_mae": 0.11735668033361435,
        "val_root_mean_squared_error": 0.16580301523208618
    }
}