{
    "parameters": {
        "learning_rate": 0.0001,
        "batch_size": 32,
        "epochs": 100,
        "structure": [
            64,
            32,
            16,
            1
        ]
    },
    "results": {
        "loss": 0.29361528158187866,
        "mae": 0.428032785654068,
        "root_mean_squared_error": 0.5418627858161926,
        "val_loss": 0.05293828994035721,
        "val_mae": 0.16573747992515564,
        "val_root_mean_squared_error": 0.23008322715759277
    }
}